{"train-loss": [46.19771138827006, 38.86602532863617, 36.004228154818215, 34.43618233998617, 33.39518835147222, 32.67767995595932, 32.72489639123281, 32.36975473165512, 32.23069564501444, 32.079498747984566, 31.851432502269745, 31.914319455623627, 31.93679056564967, 32.01267911990484, 31.709644198417664, 32.00992453098297, 31.722199022769928, 31.19035303592682, 31.366853415966034, 31.72280224164327, 31.57909518480301, 31.33166782061259, 31.16407225529353, 31.252395351727802, 31.00899185736974, 31.074580828348797, 30.810844997564953, 30.783412377039593, 30.595005174477894, 30.622192919254303, 30.786057591438293, 30.389677544434864, 30.748386720816296, 30.629089295864105, 30.331810375054676, 30.303162197271984, 30.190248211224873, 30.12429181734721, 29.813649614651997, 30.142268121242523, 29.907714287439983, 29.30025537808736, 29.2876864473025, 29.007967332998913, 29.017360190550487, 29.290298759937286, 29.53540066878001, 29.296085317929585, 29.129603425661724, 28.943040708700817, 28.407767057418823, 28.91273323694865, 28.821996688842773, 28.708475470542908, 28.741796771685284, 28.914872348308563, 28.8581179579099, 28.979347348213196, 29.044618725776672, 28.692640682061512, NaN], "test-loss": [49.06444549560547, 43.489410400390625, 41.51723098754883, 40.56122589111328, 40.40386199951172, 39.65830612182617, 39.978416442871094, 39.33799362182617, 38.87986373901367, 38.847896575927734, 39.258914947509766, 38.558509826660156, 38.94318771362305, 39.268985748291016, 39.06256866455078, 38.76216506958008, 38.6697883605957, 38.62993240356445, 38.89027786254883, 38.991600036621094, 38.80323028564453, 38.618831634521484, 38.62035369873047, 38.797019958496094, 38.41361999511719, 38.9704475402832, 38.698036193847656, 38.65840530395508, 38.025177001953125, 38.144073486328125, 38.52340316772461, 37.823787689208984, 38.02234649658203, 38.036651611328125, 37.89052200317383, 37.95560073852539, 37.88588333129883, 37.02354049682617, 37.066280364990234, 36.6973762512207, 36.508819580078125, 35.91749572753906, 36.174278259277344, 36.321022033691406, 36.75101089477539, 36.24132537841797, 36.841209411621094, 37.34836196899414, 37.14973449707031, 36.9405517578125, 36.95279312133789, 36.77019500732422, 36.423484802246094, 36.95877456665039, 36.74214553833008, 36.40859603881836, 36.88068771362305, 36.36840057373047, 36.30148696899414, 36.230770111083984, NaN]}